Country,1960,1961,1962,1963,1964,1965,1966,1967,1968,1969,1970,1971,1972,1973,1974,1975,1976,1977,1978,1979,1980,1981,1982,1983,1984,1985,1986,1987,1988,1989,1990,1991,1992,1993,1994,1995,1996,1997,1998,1999,2000,2001,2002,2003,2004,2005,2006,2007,2008,2009,2010,2011,2012,2013,2014
Afghanistan,,,,,,,,,,,,,,,,,,,,,,,,,,,,,,,,,,,,,,,,,,,,,,,,,,,,,,,
Albania,,,,,,,,,,,,700000000,900000000,1127000000,1300000000,1600000000,1900000000,2200000000,2400000000,2700000000,2950000000,3050000000,3125000000,3200000000,2739000000,2130000000,4061000000,3350000000,2939000000,3078000000,2848000000,3518000000,3226000000,3314000000,3771000000,4204000000,5726000000,5028000000,4921000000,5284000000,4594000000,3555000000,3512000000,4885000000,5466000000,5373000000,5431000000,2788000000,3797000000,5206000000,7579000000,4158000000,,,
Algeria,,,,,,,,,,,,330000000,495000000,752000000,497000000,328000000,389000000,269000000,250000000,291000000,257000000,366000000,479000000,235000000,452000000,646000000,250000000,499000000,183000000,226000000,135000000,293000000,199000000,353000000,166000000,193000000,135000000,75000000,215000000,203000000,54000000,69000000,57000000,265000000,251000000,555000000,218000000,226000000,283000000,306000000,174000000,502000000,,,
American Samoa,,,,,,,,,,,,,,,,,,,,,,,,,,,,,,,,,,,,,,,,,,,,,,,,,,,,,,,
Andorra,,,,,,,,,,,,,,,,,,,,,,,,,,,,,,,,,,,,,,,,,,,,,,,,,,,,,,,
Angola,,,,,,,,,,,,605000000,680000000,814000000,858000000,950000000,428000000,428000000,528000000,555000000,595000000,595000000,631000000,578000000,601000000,701000000,701000000,701000000,701000000,710000000,725000000,772000000,840000000,890000000,895000000,900000000,925000000,875000000,1060000000,894000000,912000000,1017000000,1143000000,1241000000,1750000000,2219000000,2665000000,2497000000,3134000000,3094000000,3703000000,4007000000,,,
Antigua and Barbuda,,,,,,,,,,,,,,,,,,,,,,,,,,,,,,,,,,,,,,,,,,,,,,,,,,,,,,,
Arab World,,,,,,,,,,,,8278000000,8738000000,8385000000,9992000000,10678000000,12497000000,14366000000,15163000000,16253000000,16270000000,16342000000,16403000000,15177000000,15732000000,15183000000,15123000000,17088000000,17103000000,18177000000,18131000000,16719000000,16096000000,16363000000,17082000000,17044000000,18729000000,19345000000,19423000000,20685000000,20273000000,22255000000,19252000000,21277000000,22380000000,27820000000,27236000000,29177000000,25456000000,26449000000,33546000000,32881000000,,,
Argentina,,,,,,,,,,,,1601000000,1578000000,3051000000,5086000000,5263000000,5070000000,5827000000,7813000000,10753000000,15240000000,14769000000,17702000000,18569000000,19975000000,20762000000,21116000000,21949000000,15154000000,13084000000,17983000000,16321000000,19486000000,23974000000,27481000000,26949000000,23277000000,28477000000,26935000000,21966000000,29484000000,37696000000,36792000000,34927000000,31688000000,35367000000,39679000000,32015000000,32034000000,35267000000,35805000000,33717000000,,,
Armenia,,,,,,,,,,,,,,,,,,,,,,,,,,,,,,,1555000000,1546000000,3044000000,4293000000,3514000000,1919000000,1572000000,1390000000,1537000000,1200000000,1261000000,968000000,1658000000,1982000000,1998000000,1773000000,1825000000,1856000000,1799000000,2023000000,2563000000,2492000000,,,
Aruba,,,,,,,,,,,,,,,,,,,,,,,,,,,,,,,,,,,,,,,,,,,,,,,,,,,,,,,
Australia,4301000000,4924000000,5212000000,6900000000,7129000000,8589000000,7348000000,7912000000,7889000000,8653000000,9149000000,11844000000,11853000000,11749000000,13629000000,15173000000,15549000000,13576000000,14287000000,15787000000,13327000000,14480000000,14112000000,12563000000,12527000000,14118000000,14962000000,14067000000,15029000000,15265000000,14898000000,16590000000,16019000000,17220000000,17042000000,16631000000,16362000000,17507000000,16448000000,17398000000,17590000000,18162000000,17874000000,18619000000,18683000000,20103000000,21641000000,21012000000,19725000000,18601000000,21614000000,25520000000,23971000000,,
Austria,11359000000,11202000000,11584000000,11366000000,12712000000,15694000000,17041000000,17388000000,17836000000,16305000000,20920000000,16450000000,16986000000,18952000000,22400000000,23691000000,20273000000,24788000000,24802000000,27930000000,29049000000,31347000000,31371000000,31165000000,29674000000,31873000000,32395000000,36933000000,36853000000,36391000000,32635000000,32649000000,36154000000,38049000000,36896000000,38904000000,35790000000,37819000000,39031000000,42348000000,43434000000,42232000000,41895000000,35314000000,39771000000,40612000000,40988000000,43337000000,44697000000,47180000000,44997000000,40815000000,47085000000,,
Azerbaijan,,,,,,,,,,,,,,,,,,,,,,,,,,,,,,,1658000000,1758000000,1747000000,2426000000,1829000000,1556000000,1538000000,1712000000,1951000000,1506000000,1534000000,1301000000,2020000000,2469000000,2755000000,3009000000,2518000000,2364000000,2232000000,2310000000,3447000000,2676000000,,,
"Bahamas, The",,,,,,,,,,,,,,,,,,,,,,,,,,,,,,,,,,,,,,,,,,,,,,,,,,,,,,,
Bahrain,,,,,,,,,,,,0,0,0,0,0,0,0,0,0,0,0,0,0,0,0,0,0,0,0,0,0,0,0,0,0,0,0,0,0,0,0,0,0,0,0,0,0,0,0,0,0,,,
Bangladesh,,,,,,,,,,,,175000000,175000000,331000000,243000000,436000000,494000000,437000000,506000000,587000000,583000000,625000000,523000000,662000000,897000000,739000000,450000000,517000000,675000000,920000000,884000000,838000000,796000000,608000000,847000000,372000000,739000000,719000000,865000000,833000000,749000000,993000000,749000000,749000000,749000000,749000000,749000000,749000000,950000000,417000000,729000000,872000000,,,
Barbados,,,,,,,,,,,,,,,,,,,,,,,,,,,,,,,,,,,,,,,,,,,,,,,,,,,,,,,
Belarus,,,,,,,,,,,,,,,,,,,,,,,,,,,,,,,20000000,18000000,17000000,19000000,19000000,20000000,16000000,21000000,28000000,19000000,27000000,30000000,29000000,28000000,34000000,37000000,38000000,50000000,73000000,106000000,130000000,150000000,,,
Belgium,172000000,189000000,163000000,144000000,115000000,272000000,299000000,238000000,244000000,230000000,246000000,134000000,180000000,287000000,348000000,266000000,166000000,471000000,483000000,549000000,578000000,672000000,379000000,358000000,375000000,340000000,462000000,577000000,547000000,503000000,555000000,536000000,617000000,507000000,600000000,668000000,561000000,588000000,759000000,850000000,1044000000,1075000000,1138000000,1192000000,1497000000,2106000000,2952000000,3486000000,4418000000,5439000000,6494000000,8377000000,9494000000,,
Belize,,,,,,,,,,,,,,,,,,,,,,,,,,,,,,,,,,,,,,,,,,,,,,,,,,,,,,,
Benin,,,,,,,,,,,,0,0,0,0,0,0,0,0,0,0,0,0,0,0,0,0,0,0,0,0,0,0,0,0,0,0,2000000,2000000,2000000,2000000,2000000,2000000,2000000,1000000,1000000,4000000,3000000,3000000,1000000,1000000,1000000,,,
Bermuda,,,,,,,,,,,,,,,,,,,,,,,,,,,,,,,,,,,,,,,,,,,,,,,,,,,,,,,
Bhutan,,,,,,,,,,,,,,,,,,,,,,,,,,,,,,,,,,,,,,,,,,,,,,,,,,,,,,,
Bolivia,,,,,,,,,,,,906000000,961000000,984000000,1046000000,1089000000,1145000000,1208000000,1276000000,1308000000,1095000000,1188000000,1177000000,1172000000,1190000000,1164000000,1138000000,1092000000,1199000000,1200000000,1212000000,1340000000,1306000000,1545000000,1360000000,1308000000,1472000000,1613000000,1606000000,1838000000,1999000000,2183000000,2257000000,2041000000,2204000000,2021000000,2217000000,2381000000,2372000000,2362000000,2226000000,2593000000,,,
Bosnia and Herzegovina,,,,,,,,,,,,,,,,,,,,,,,,,,,,,,,3058000000,5138000000,3408000000,2367000000,3459000000,3643000000,5156000000,4655000000,4557000000,5532000000,5094000000,5181000000,5268000000,4501000000,5979000000,5998000000,5857000000,4001000000,4867000000,6239000000,8026000000,4387000000,,,
Botswana,,,,,,,,,,,,,,,,,,,,,,0,0,0,0,0,0,0,0,0,0,0,0,0,0,0,0,0,0,0,0,0,0,0,0,0,0,0,0,0,0,0,,,
Brazil,,,,,,,,,,,,43818000000,51392000000,58641000000,66463000000,73154000000,83777000000,94595000000,1.04078E+11,1.18356E+11,1.30713E+11,1.32637E+11,1.43309E+11,1.54458E+11,1.69443E+11,1.81441E+11,1.85612E+11,1.89165E+11,2.02432E+11,2.08093E+11,2.10567E+11,2.21782E+11,2.28242E+11,2.40019E+11,2.48093E+11,2.59499E+11,2.72523E+11,2.86355E+11,2.98979E+11,3.01368E+11,3.12249E+11,2.76891E+11,2.96372E+11,3.17571E+11,3.33334E+11,3.51141E+11,3.63765E+11,3.92685E+11,3.90263E+11,4.14865E+11,4.37014E+11,4.63273E+11,,,
Brunei Darussalam,,,,,,,,,,,,0,0,0,0,0,0,0,0,0,0,0,0,0,0,0,0,0,0,0,0,0,0,0,0,0,0,0,0,0,0,0,0,0,0,0,0,0,0,0,0,2000000,,,
Bulgaria,,,,,,,,,,,,2170000000,2095000000,2570000000,2080000000,2453000000,2954000000,3529000000,2909000000,3311000000,3713000000,3618000000,3050000000,3351000000,3260000000,2236000000,2326000000,2538000000,2596000000,2691000000,1878000000,2441000000,2063000000,1942000000,1468000000,2314000000,2919000000,2754000000,3097000000,2753000000,2673000000,1737000000,2194000000,3029000000,3169000000,4342000000,4258000000,2921000000,2946000000,3718000000,5788000000,3935000000,,,
Burkina Faso,,,,,,,,,,,,,,,,,,,,,,,,,,,,,,,,,,,,,,,,,,,,,,,,,,,,,,,
Burundi,,,,,,,,,,,,,,,,,,,,,,,,,,,,,,,,,,,,,,,,,,,,,,,,,,,,,,,
Cabo Verde,,,,,,,,,,,,,,,,,,,,,,,,,,,,,,,,,,,,,,,,,,,,,,,,,,,,,,,
Cambodia,,,,,,,,,,,,,,,,,,,,,,,,,,,,,,,,,,,,0,0,0,0,0,1000000,1000000,30000000,49000000,41000000,59000000,65000000,65000000,62000000,58000000,49000000,68000000,,,
Cameroon,,,,,,,,,,,,1046000000,1073000000,1068000000,1190000000,1295000000,1256000000,1225000000,1259000000,1308000000,1365000000,1810000000,2038000000,2089000000,2178000000,2388000000,2431000000,2451000000,2572000000,2664000000,2656000000,2671000000,2702000000,2802000000,2688000000,2753000000,2868000000,3092000000,3116000000,3334000000,3442000000,3474000000,3182000000,3528000000,3920000000,3772000000,4535000000,3923000000,4309000000,4087000000,4319000000,4459000000,,,
Canada,1.06792E+11,1.04815E+11,1.04971E+11,1.04783E+11,1.14342E+11,1.18088E+11,1.31E+11,1.33924E+11,1.362E+11,1.50638E+11,1.58137E+11,1.62461E+11,1.81639E+11,1.94654E+11,2.10667E+11,2.0247E+11,2.13396E+11,2.21216E+11,2.36386E+11,2.45466E+11,2.52448E+11,2.67913E+11,2.59934E+11,2.68037E+11,2.8846E+11,3.05322E+11,3.125E+11,3.18518E+11,3.0992E+11,2.94827E+11,3.00691E+11,3.12248E+11,3.20904E+11,3.28435E+11,3.35629E+11,3.41626E+11,3.61553E+11,3.57645E+11,3.3927E+11,3.5422E+11,3.66993E+11,3.42265E+11,3.60012E+11,3.47332E+11,3.50599E+11,3.74272E+11,3.64067E+11,3.79065E+11,3.85153E+11,3.83103E+11,3.69246E+11,3.96876E+11,4.02797E+11,,
Caribbean small states,,,,,,,,,,,,264000000,305000000,333000000,339000000,355000000,401000000,435000000,479000000,423000000,428000000,422000000,452000000,527000000,219000000,217000000,226000000,227000000,217000000,246000000,217000000,168000000,209000000,226000000,295000000,334000000,372000000,389000000,337000000,337000000,340000000,259000000,182000000,192000000,260000000,296000000,321000000,316000000,291000000,305000000,332000000,421000000,,,
Cayman Islands,,,,,,,,,,,,,,,,,,,,,,,,,,,,,,,,,,,,,,,,,,,,,,,,,,,,,,,
Central African Republic,,,,,,,,,,,,,,,,,,,,,,,,,,,,,,,,,,,,,,,,,,,,,,,,,,,,,,,
Central Europe and the Baltics,642000000,615000000,772000000,661000000,721000000,997000000,1034000000,1083000000,1141000000,989000000,1918000000,11115000000,14046000000,14300000000,17036000000,17994000000,16519000000,19620000000,19963000000,21020000000,23715000000,22956000000,20271000000,19068000000,19400000000,21171000000,18782000000,20190000000,23304000000,21848000000,29616000000,33837000000,29529000000,32131000000,34735000000,40312000000,40587000000,40574000000,44651000000,44036000000,39878000000,40951000000,41312000000,35008000000,45427000000,51997000000,49809000000,45793000000,51024000000,56905000000,70672000000,62336000000,,,
Chad,,,,,,,,,,,,,,,,,,,,,,,,,,,,,,,,,,,,,,,,,,,,,,,,,,,,,,,
Channel Islands,,,,,,,,,,,,,,,,,,,,,,,,,,,,,,,,,,,,,,,,,,,,,,,,,,,,,,,
Chile,,,,,,,,,,,,4875000000,5787000000,5646000000,6410000000,6439000000,6672000000,7049000000,7342000000,7542000000,7976000000,8260000000,9051000000,9821000000,10176000000,11265000000,12110000000,13094000000,12885000000,10864000000,9891000000,14167000000,18493000000,19602000000,18772000000,20293000000,18579000000,20689000000,17105000000,14600000000,19457000000,23078000000,24216000000,23488000000,24017000000,28280000000,30567000000,25835000000,27314000000,29649000000,24296000000,26020000000,25611000000,,
China,,,,,,,,,,,,30000000000,34000000000,38000000000,43000000000,45000000000,45600000000,47600000000,44600000000,50100000000,58210000000,65550000000,74400000000,86360000000,86780000000,92370000000,94530000000,1.0001E+11,1.0915E+11,1.1839E+11,1.26724E+11,1.25101E+11,1.32487E+11,1.51845E+11,1.67788E+11,1.93545E+11,1.8949E+11,1.98806E+11,2.10748E+11,2.06722E+11,2.25472E+11,2.8065E+11,2.91325E+11,2.87206E+11,3.57366E+11,4.04455E+11,4.46885E+11,5.00955E+11,6.15013E+11,6.63733E+11,7.92512E+11,8.03473E+11,,,
Colombia,,,,,,,,,,,,6663000000,7298000000,7939000000,8849000000,9090000000,9399000000,10645000000,12276000000,13476000000,14512000000,14503000000,15349000000,15496000000,17306000000,18610000000,21486000000,23401000000,24651000000,26933000000,27771000000,27995000000,22621000000,28246000000,32503000000,32637000000,35987000000,31957000000,31314000000,34198000000,32570000000,32294000000,34459000000,36669000000,40596000000,40355000000,43335000000,45026000000,46994000000,41649000000,40939000000,50918000000,,,
Comoros,,,,,,,,,,,,,,,,,,,,,,,,,,,,,,,,,,,,,,,,,,,,,,,,,,,,,,,
"Congo, Dem. Rep.",,,,,,,,,,,,3437000000,3437000000,3768000000,3394000000,3706000000,4008000000,4065000000,4000000000,3969000000,4243000000,4169000000,4123000000,4479000000,4695000000,5027000000,5259000000,5242000000,5248000000,6915000000,5625000000,5259000000,6054000000,5528000000,5294000000,6159000000,6091000000,5024000000,4709000000,5300000000,5996000000,5974000000,6110000000,6160000000,7078000000,7392000000,7524000000,7824000000,7483000000,7800000000,7853000000,7847000000,,,
"Congo, Rep.",,,,,,,,,,,,54000000,66000000,50000000,55000000,58000000,63000000,48000000,11000000,77000000,100000000,103000000,174000000,232000000,251000000,291000000,268000000,278000000,289000000,397000000,490000000,480000000,424000000,359000000,322000000,352000000,456000000,451000000,342000000,95000000,295000000,334000000,396000000,342000000,330000000,355000000,372000000,335000000,375000000,330000000,430000000,791000000,,,
Costa Rica,,,,,,,,,,,,1038000000,1105000000,1138000000,1255000000,1303000000,1457000000,1347000000,1486000000,1632000000,2130000000,2295000000,2397000000,2796000000,3014000000,2766000000,2901000000,3010000000,3056000000,3328000000,3382000000,3666000000,4056000000,4403000000,4414000000,4040000000,4356000000,5440000000,4972000000,6046000000,6860000000,6645000000,7404000000,7296000000,8149000000,7989000000,8164000000,8328000000,8798000000,8860000000,8943000000,8970000000,,,
Cote d'Ivoire,,,,,,,,,,,,139000000,226000000,168000000,277000000,383000000,344000000,222000000,167000000,730000000,1352000000,1730000000,1728000000,976000000,373000000,1358000000,1195000000,1052000000,1241000000,1594000000,1322000000,1254000000,1048000000,1099000000,1174000000,1784000000,1782000000,1879000000,1377000000,1754000000,1764000000,1800000000,1729000000,1832000000,1855000000,1547000000,1622000000,1912000000,2016000000,2204000000,1681000000,1838000000,,,
Croatia,,,,,,,,,,,,,,,,,,,,,,,,,,,,,,,3759000000,5364000000,4347000000,4364000000,4936000000,5274000000,7237000000,5288000000,5466000000,6599000000,5875000000,6547000000,5365000000,4876000000,6964000000,6357000000,6030000000,4279000000,5277000000,6809000000,8501000000,4747000000,,,
Cuba,,,,,,,,,,,,927000000,719000000,781000000,825000000,819000000,826000000,909000000,1039000000,1062000000,1051000000,1035000000,1089000000,1148000000,1195000000,1185000000,1244000000,1249000000,1390000000,1362000000,1540000000,1369000000,1418000000,969000000,946000000,764000000,1017000000,1000000000,876000000,984000000,1033000000,1005000000,1045000000,848000000,877000000,488000000,500000000,534000000,700000000,690000000,564000000,567000000,,,
Curacao,,,,,,,,,,,,,,,,,,,,,,,,,,,,,,,,,,,,,,,,,,,,,,,,,,,,,,,
Cyprus,,,,,,,,,,,,0,0,0,0,0,0,0,0,0,0,0,0,0,0,0,0,0,0,0,0,0,0,0,0,0,0,0,0,0,0,0,0,0,0,1000000,1000000,3000000,14000000,31000000,73000000,178000000,,,
Czech Republic,,,,,,,,,,,,1208000000,1264000000,1081000000,1819000000,1814000000,1446000000,1967000000,1830000000,2293000000,2399000000,2061000000,1670000000,1655000000,1298000000,1671000000,1876000000,2465000000,2099000000,1643000000,1161000000,1089000000,1402000000,1530000000,1781000000,2407000000,2261000000,2193000000,1983000000,2360000000,2277000000,2570000000,2990000000,1876000000,2741000000,3132000000,3520000000,3410000000,3731000000,4654000000,5903000000,7247000000,8154000000,,
Denmark,25000000,26000000,26000000,25000000,25000000,25000000,26000000,25000000,21000000,22000000,24000000,24000000,24000000,24000000,24000000,24000000,24000000,22000000,26000000,31000000,41000000,44000000,50000000,94000000,96000000,117000000,206000000,264000000,405000000,577000000,825000000,1057000000,1352000000,1607000000,1743000000,1851000000,2079000000,2929000000,3925000000,4379000000,5572000000,5846000000,6789000000,8078000000,9525000000,9812000000,9201000000,10305000000,10096000000,10063000000,12416000000,14164000000,14497000000,,
Djibouti,,,,,,,,,,,,,,,,,,,,,,,,,,,,,,,,,,,,,,,,,,,,,,,,,,,,,,,
Dominica,,,,,,,,,,,,,,,,,,,,,,,,,,,,,,,,,,,,,,,,,,,,,,,,,,,,,,,
Dominican Republic,,,,,,,,,,,,612000000,651000000,605000000,580000000,505000000,863000000,536000000,824000000,912000000,633000000,1442000000,922000000,1033000000,1286000000,1194000000,1436000000,1587000000,1678000000,499000000,374000000,532000000,559000000,1164000000,578000000,645000000,903000000,713000000,765000000,1136000000,800000000,734000000,910000000,1238000000,1670000000,1937000000,1778000000,1738000000,1413000000,1492000000,1464000000,1558000000,,,
Ecuador,,,,,,,,,,,,440000000,445000000,435000000,500000000,628000000,605000000,558000000,791000000,709000000,872000000,779000000,895000000,1721000000,3233000000,3279000000,4012000000,4570000000,4826000000,4954000000,4987000000,5075000000,4974000000,5810000000,6565000000,5161000000,6344000000,6534000000,6506000000,7177000000,7609000000,7071000000,7525000000,7181000000,7412000000,6933000000,7808000000,9987000000,11819000000,9667000000,9122000000,11699000000,,,
Egypt,,,,,,,,,,,,5041000000,5159000000,5156000000,6122000000,6790000000,8003000000,9037000000,9320000000,9510000000,9801000000,10215000000,10474000000,9817000000,9633000000,8663000000,9281000000,8658000000,9000000000,9974000000,9932000000,9900000000,9700000000,10485000000,10971000000,11413000000,11555000000,11987000000,12222000000,14683000000,13834000000,15351000000,13063000000,13387000000,13167000000,13196000000,13541000000,16341000000,15613000000,13996000000,14750000000,14892000000,,,
El Salvador,,,,,,,,,,,,522000000,442000000,492000000,562000000,452000000,728000000,932000000,1266000000,1510000000,1438000000,1343000000,1344000000,1474000000,1549000000,1593000000,1604000000,1569000000,1732000000,1866000000,2067000000,1693000000,1807000000,1898000000,1855000000,1914000000,2314000000,1915000000,2017000000,2365000000,1961000000,2130000000,2132000000,2533000000,2460000000,2809000000,3245000000,3266000000,3731000000,3261000000,3892000000,3828000000,,,
Equatorial Guinea,,,,,,,,,,,,,,,,,,,,,,,,,,,,,,,,,,,,,,,,,,,,,,,,,,,,,,,
Eritrea,,,,,,,,,,,,,,,,,,,,,,,,,,,,,,,,,0,0,0,0,0,1000000,1000000,1000000,1000000,1000000,1000000,1000000,1000000,1000000,2000000,2000000,2000000,2000000,2000000,2000000,,,
Estonia,,,,,,,,,,,,,,,,,,,,,,,,,,,,,,,0,0,1000000,1000000,3000000,8000000,7000000,11000000,16000000,16000000,18000000,18000000,30000000,49000000,60000000,111000000,130000000,145000000,197000000,541000000,1044000000,1179000000,1475000000,,
Ethiopia,,,,,,,,,,,,304000000,312000000,333000000,348000000,349000000,363000000,375000000,406000000,439000000,484000000,507000000,580000000,630000000,690000000,675000000,717000000,721000000,712000000,721000000,1062000000,1082000000,1151000000,1263000000,1354000000,1428000000,1510000000,1566000000,1605000000,1625000000,1651000000,1993000000,2023000000,2280000000,2521000000,2833000000,3259000000,3385000000,3310000000,3548000000,4949000000,5128000000,,,
Faeroe Islands,,,,,,,,,,,,,,,,,,,,,,,,,,,,,,,,,,,,,,,,,,,,,,,,,,,,,,,
Fiji,,,,,,,,,,,,,,,,,,,,,,,,,,,,,,,,,,,,,,,,,,,,,,,,,,,,,,,
Finland,5269000000,8023000000,9770000000,8373000000,8336000000,9354000000,10381000000,11629000000,10489000000,8745000000,9258000000,10627000000,10323000000,10515000000,12631000000,12152000000,9435000000,12120000000,9742000000,10870000000,10216000000,13653000000,13088000000,13579000000,13246000000,12333000000,12389000000,13795000000,13361000000,13029000000,16015000000,18197000000,20060000000,19439000000,18260000000,19545000000,17761000000,20151000000,24408000000,21193000000,23370000000,21541000000,19818000000,19049000000,25615000000,23457000000,22452000000,24312000000,27765000000,21684000000,24178000000,24150000000,28087000000,,
France,40887000000,38718000000,36261000000,44010000000,35200000000,46875000000,52587000000,45974000000,51341000000,54000000000,57397000000,49562000000,49646000000,48489000000,57001000000,60804000000,49146000000,76929000000,69023000000,67111000000,70234000000,72944000000,71351000000,70231000000,66545000000,62774000000,63389000000,71424000000,77445000000,47989000000,55786000000,59774000000,71157000000,66951000000,81042000000,75321000000,68578000000,66539000000,64843000000,75515000000,70272000000,78163000000,64450000000,63320000000,64308000000,56629000000,62232000000,66298000000,73760000000,69785000000,78092000000,64789000000,81237000000,,
French Polynesia,,,,,,,,,,,,,,,,,,,,,,,,,,,,,,,,,,,,,,,,,,,,,,,,,,,,,,,
Gabon,,,,,,,,,,,,0,5000000,5000000,100000000,143000000,162000000,301000000,296000000,310000000,260000000,412000000,487000000,547000000,610000000,667000000,693000000,698000000,709000000,675000000,708000000,715000000,720000000,718000000,755000000,800000000,777000000,816000000,819000000,838000000,810000000,885000000,930000000,907000000,901000000,820000000,953000000,809000000,902000000,894000000,818000000,818000000,,,
"Gambia, The",,,,,,,,,,,,,,,,,,,,,,,,,,,,,,,,,,,,,,,,,,,,,,,,,,,,,,,
Georgia,,,,,,,,,,,,,,,,,,,,,,,,,,,,,,,7577000000,7423000000,6504000000,6602000000,6772000000,5203000000,6000000000,6047000000,6372000000,6442000000,5860000000,5542000000,6767000000,6526000000,6049000000,6236000000,5315000000,6818000000,7162000000,7412000000,9367000000,7890000000,,,
Germany,12034000000,11922000000,11406000000,11194000000,11076000000,14263000000,15806000000,15311000000,15620000000,13114000000,20071000000,16223000000,16016000000,18145000000,18686000000,18156000000,15099000000,18794000000,19623000000,19699000000,21921000000,22839000000,22382000000,21172000000,21119000000,20203000000,21166000000,22643000000,22441000000,20759000000,19093000000,16979000000,19735000000,20520000000,23433000000,25932000000,26551000000,23062000000,24902000000,28717000000,35475000000,37895000000,44477000000,46438000000,56500000000,61625000000,70487000000,87561000000,90311000000,93991000000,1.03602E+11,1.23114E+11,1.36814E+11,,
Ghana,,,,,,,,,,,,2909000000,3321000000,3872000000,4078000000,3949000000,4174000000,4394000000,3721000000,4631000000,5276000000,5341000000,4941000000,2548000000,1799000000,2987000000,4372000000,4676000000,4808000000,5231000000,5721000000,6109000000,6602000000,6291000000,6082000000,6097000000,6625000000,6851000000,3830000000,5169000000,6609000000,6609000000,5036000000,3886000000,5281000000,5629000000,5619000000,3727000000,6195000000,6877000000,6996000000,7561000000,,,
Greece,465000000,581000000,646000000,847000000,790000000,801000000,1730000000,1660000000,1368000000,2055000000,2636000000,2652000000,2677000000,2223000000,2347000000,2015000000,1879000000,1922000000,2988000000,3566000000,3405000000,3407000000,3561000000,2340000000,2862000000,2805000000,3235000000,2781000000,2367000000,1901000000,1771000000,3101000000,2212000000,2330000000,2637000000,3564000000,4386000000,3918000000,3787000000,4755000000,4144000000,2932000000,3577000000,5892000000,5918000000,6406000000,7679000000,4594000000,5750000000,8185000000,10522000000,8143000000,8986000000,,
Greenland,,,,,,,,,,,,,,,,,,,,,,,,,,,,,,,,,,,,,,,,,,,,,,,,,,,,,,,
Grenada,,,,,,,,,,,,,,,,,,,,,,,,,,,,,,,,,,,,,,,,,,,,,,,,,,,,,,,
Guam,,,,,,,,,,,,,,,,,,,,,,,,,,,,,,,,,,,,,,,,,,,,,,,,,,,,,,,
Guatemala,,,,,,,,,,,,288000000,256000000,276000000,301000000,346000000,399000000,309000000,343000000,325000000,286000000,379000000,499000000,738000000,578000000,635000000,1481000000,1487000000,1609000000,1903000000,2003000000,2048000000,1811000000,1906000000,2020000000,2344000000,2314000000,2368000000,2483000000,2955000000,3128000000,2810000000,2584000000,3425000000,4676000000,5142000000,4861000000,4938000000,5210000000,5224000000,5908000000,5450000000,,,
Guinea,,,,,,,,,,,,,,,,,,,,,,,,,,,,,,,,,,,,,,,,,,,,,,,,,,,,,,,
Guinea-Bissau,,,,,,,,,,,,,,,,,,,,,,,,,,,,,,,,,,,,,,,,,,,,,,,,,,,,,,,
Guyana,,,,,,,,,,,,,,,,,,,,,,,,,,,,,,,,,,,,,,,,,,,,,,,,,,,,,,,
Haiti,,,,,,,,,,,,39000000,91000000,96000000,138000000,184000000,182000000,166000000,202000000,206000000,232000000,261000000,254000000,209000000,212000000,231000000,338000000,336000000,408000000,422000000,474000000,349000000,321000000,274000000,233000000,253000000,272000000,200000000,306000000,405000000,283000000,283000000,260000000,255000000,260000000,265000000,271000000,154000000,181000000,207000000,177000000,151000000,,,
Honduras,,,,,,,,,,,,242000000,304000000,359000000,400000000,420000000,432000000,469000000,647000000,741000000,782000000,821000000,846000000,831000000,874000000,1305000000,1428000000,1747000000,1900000000,1994000000,2279000000,2312000000,2192000000,2258000000,1817000000,1673000000,2039000000,2085000000,1923000000,2136000000,2261000000,1913000000,1626000000,1777000000,1475000000,1877000000,2212000000,2359000000,2488000000,2938000000,3105000000,3099000000,,,
"Hong Kong SAR, China",,,,,,,,,,,,0,0,0,0,0,0,0,0,0,0,0,0,0,0,0,0,0,0,0,0,0,0,0,0,0,0,0,0,0,0,0,0,0,0,0,1000000,1000000,1000000,1000000,1000000,2000000,,,
Hungary,,,,,,75000000,100000000,82000000,89000000,95000000,88000000,96000000,110000000,101000000,81000000,163000000,165000000,149000000,138000000,146000000,112000000,168000000,159000000,155000000,208000000,185000000,178000000,192000000,191000000,162000000,195000000,218000000,204000000,205000000,206000000,219000000,257000000,269000000,215000000,246000000,243000000,257000000,237000000,336000000,936000000,1870000000,1493000000,1883000000,2357000000,2895000000,3020000000,2708000000,2672000000,,
Iceland,526000000,579000000,596000000,632000000,656000000,644000000,630000000,669000000,691000000,866000000,1444000000,1572000000,1746000000,2233000000,2293000000,2250000000,2392000000,2562000000,2654000000,2899000000,3137000000,3260000000,3622000000,3821000000,3973000000,3896000000,4109000000,4205000000,4471000000,4531000000,4504000000,4487000000,4540000000,4722000000,4775000000,4972000000,5118000000,5582000000,6276000000,7183000000,7679000000,8029000000,8410000000,8494000000,8619000000,8681000000,9926000000,11974000000,16465000000,16832000000,17057000000,17209000000,17546000000,,
India,,,,,,,,,,,,28030000000,27203000000,28979000000,27882000000,33311000000,34844000000,38019000000,47172000000,45492000000,46557000000,49583000000,48384000000,49972000000,53966000000,51039000000,53861000000,47465000000,57890000000,62138000000,71688000000,72814000000,69974000000,70577000000,82927000000,73126000000,69858000000,75704000000,84136000000,83339000000,77500000000,77770000000,68645000000,80809000000,91126000000,1.09885E+11,1.25456E+11,1.46997E+11,1.39491E+11,1.42468E+11,1.57088E+11,1.83333E+11,,,
Indonesia,,,,,,,,,,,,773000000,660000000,1030000000,1094000000,1193000000,1092000000,1111000000,1384000000,1434000000,1345000000,1629000000,1396000000,2025000000,2335000000,3214000000,5262000000,5176000000,6293000000,7695000000,6833000000,7676000000,9896000000,8978000000,8041000000,9745000000,10518000000,7716000000,12303000000,12134000000,14891000000,17694000000,16182000000,15408000000,16350000000,17351000000,16313000000,18343000000,19884000000,20742000000,26907000000,21989000000,,,
"Iran, Islamic Rep.",,,,,,,,,,,,2679000000,3528000000,2842000000,3421000000,3445000000,3975000000,4213000000,6249000000,5419000000,5620000000,6229000000,6447000000,6203000000,5750000000,5550000000,7517000000,8390000000,7311000000,7522000000,6083000000,7056000000,9530000000,9823000000,7445000000,7288000000,7392000000,6929000000,7040000000,4943000000,3687000000,5091000000,8080000000,11125000000,10674000000,16171000000,18391000000,18130000000,5199000000,7460000000,9695000000,12277000000,,,
Iraq,,,,,,,,,,,,200000000,200000000,290000000,400000000,461000000,459000000,566000000,708000000,1032000000,690000000,610000000,600000000,600000000,610000000,610000000,600000000,2600000000,2600000000,2600000000,2600000000,900000000,700000000,600000000,560000000,570000000,570000000,581000000,593000000,605000000,611000000,618000000,517000000,433000000,493000000,6000000000,6096000000,5736000000,3485000000,3227000000,4766000000,4140000000,,,
Ireland,932000000,738000000,659000000,655000000,784000000,941000000,852000000,797000000,771000000,583000000,802000000,466000000,682000000,644000000,786000000,521000000,594000000,749000000,698000000,826000000,838000000,862000000,802000000,784000000,688000000,833000000,919000000,681000000,872000000,692000000,697000000,746000000,822000000,780000000,939000000,729000000,763000000,809000000,1170000000,1124000000,1185000000,1027000000,1382000000,1138000000,1394000000,1873000000,2475000000,2794000000,3588000000,4108000000,3731000000,5425000000,5247000000,,
Isle of Man,,,,,,,,,,,,,,,,,,,,,,,,,,,,,,,,,,,,,,,,,,,,,,,,,,,,,,,
Israel,,,,,,,,,,,,0,0,0,0,0,0,0,0,0,0,2000000,2000000,1000000,2000000,2000000,6000000,10000000,10000000,3000000,3000000,6000000,29000000,26000000,23000000,25000000,24000000,25000000,25000000,33000000,31000000,20000000,32000000,43000000,39000000,39000000,25000000,24000000,25000000,97000000,145000000,267000000,270000000,,
Italy,47968000000,44043000000,41326000000,48342000000,41631000000,45310000000,47071000000,45815000000,46294000000,44978000000,44601000000,43288000000,45155000000,41368000000,42042000000,45007000000,42988000000,54869000000,49302000000,49772000000,49204000000,46503000000,44983000000,44838000000,45873000000,44304000000,44779000000,43410000000,44671000000,37258000000,34905000000,45539000000,45767000000,45223000000,48240000000,41458000000,46223000000,46206000000,46476000000,51315000000,50885000000,54348000000,48317000000,46866000000,53871000000,48438000000,50634000000,47715000000,58162000000,69256000000,76966000000,82962000000,89730000000,,
Jamaica,,,,,,,,,,,,229000000,270000000,304000000,314000000,332000000,382000000,412000000,450000000,394000000,402000000,403000000,434000000,511000000,206000000,200000000,200000000,196000000,190000000,220000000,186000000,143000000,179000000,198000000,263000000,301000000,355000000,371000000,319000000,319000000,320000000,230000000,156000000,180000000,237000000,274000000,295000000,297000000,271000000,286000000,332000000,421000000,,,
Japan,58500000000,68000000000,62400000000,68970000000,68770000000,76070000000,79350000000,68550000000,73450000000,75350000000,75400000000,84200000000,85100000000,67047000000,82780000000,83506000000,83790000000,73268000000,70647000000,81643000000,89192000000,88490000000,91498000000,95304000000,83711000000,95574000000,94620000000,89598000000,1.06278E+11,1.08789E+11,1.00663E+11,1.09143E+11,94414000000,1.0723E+11,79791000000,96524000000,95850000000,1.06333E+11,1.08832E+11,1.03187E+11,1.03819E+11,1.00914E+11,1.00308E+11,1.14217E+11,1.1462E+11,1.01403E+11,1.13056E+11,1.00845E+11,1.02938E+11,1.03581E+11,1.24157E+11,1.27415E+11,1.20907E+11,,
Jordan,,,,,,,,,,,,0,0,0,0,0,0,0,0,0,0,0,0,0,0,0,3000000,19000000,27000000,17000000,12000000,8000000,16000000,23000000,15000000,19000000,23000000,20000000,16000000,17000000,42000000,51000000,61000000,50000000,62000000,65000000,60000000,74000000,74000000,69000000,73000000,66000000,,,
Kazakhstan,,,,,,,,,,,,,,,,,,,,,,,,,,,,,,,7366000000,7200000000,6866000000,7629000000,9179000000,8331000000,7331000000,6499000000,6141000000,6132000000,7531000000,8081000000,8890000000,8625000000,8057000000,7856000000,7768000000,8171000000,7460000000,6879000000,8022000000,7883000000,,,
Kenya,,,,,,,,,,,,440000000,505000000,516000000,659000000,765000000,704000000,874000000,1203000000,1443000000,1200000000,1566000000,1645000000,1897000000,1887000000,2185000000,2224000000,2452000000,2834000000,2987000000,3004000000,3274000000,3282000000,3485000000,3451000000,3675000000,3869000000,3747000000,3786000000,2940000000,2070000000,3199000000,3821000000,4363000000,4220000000,4345000000,4606000000,4824000000,4344000000,3841000000,5214000000,5280000000,,,
Kiribati,,,,,,,,,,,,,,,,,,,,,,,,,,,,,,,,,,,,,,,,,,,,,,,,,,,,,,,
Kosovo,,,,,,,,,,,,,,,,,,,,,,,,,,,,,,,,,,,,,,,,,52000000,52000000,52000000,52000000,113000000,112000000,101000000,94000000,76000000,120000000,157000000,105000000,,,
Kuwait,,,,,,,,,,,,0,0,0,0,0,0,0,0,0,0,0,0,0,0,0,0,0,0,0,0,0,0,0,0,0,0,0,0,0,0,0,0,0,0,0,0,0,0,0,0,0,,,
Kyrgyz Republic,,,,,,,,,,,,,,,,,,,,,,,,,,,,,,,9986000000,10058000000,9200000000,9085000000,11724000000,11118000000,12255000000,10934000000,9943000000,12142000000,12825000000,11741000000,10242000000,12045000000,13003000000,12788000000,12472000000,12736000000,10124000000,10217000000,11108000000,14139000000,,,
Lao PDR,,,,,,,,,,,,,,,,,,,,,,,,,,,,,,,,,,,,,,,,,,,,,,,,,,,,,,,
Latvia,,,,,,,,,,,,,,,,,,,,,,,,,,,,,,,4496000000,3275000000,2521000000,2876000000,3305000000,2937000000,1861000000,2955000000,4318000000,2759000000,2823000000,2839000000,2485000000,2338000000,3196000000,3414000000,2786000000,2828000000,3212000000,3556000000,3635000000,3077000000,,,
Lebanon,,,,,,,,,,,,839000000,807000000,478000000,820000000,800000000,800000000,800000000,800000000,850000000,850000000,850000000,650000000,560000000,585000000,585000000,560000000,610000000,600000000,500000000,500000000,560000000,720000000,708000000,817000000,717000000,798000000,901000000,785000000,332000000,449000000,333000000,678000000,1363000000,1120000000,1046000000,695000000,585000000,373000000,622000000,839000000,805000000,,,
Lesotho,,,,,,,,,,,,,,,,,,,,,,,,,,,,,,,,,,,,,,,,,,,,,,,,,,,,,,,
Liberia,,,,,,,,,,,,,,,,,,,,,,,,,,,,,,,,,,,,,,,,,,,,,,,,,,,,,,,
Libya,,,,,,,,,,,,0,0,0,0,0,0,0,0,0,0,0,0,0,0,0,0,0,0,0,0,0,0,0,0,0,0,0,0,0,0,0,0,0,0,0,0,0,0,0,0,0,,,
Liechtenstein,,,,,,,,,,,,,,,,,,,,,,,,,,,,,,,,,,,,,,,,,,,,,,,,,,,,,,,
Lithuania,,,,,,,,,,,,,,,,,,,,,,,,,,,,,,,414000000,338000000,311000000,393000000,452000000,373000000,326000000,296000000,417000000,415000000,340000000,328000000,358000000,332000000,428000000,460000000,435000000,581000000,603000000,684000000,911000000,1113000000,,,
Luxembourg,20000000,57000000,45000000,2000000,75000000,99000000,90000000,97000000,98000000,85000000,96000000,55000000,65000000,47000000,83000000,71000000,46000000,94000000,94000000,107000000,113000000,126000000,113000000,109000000,111000000,105000000,117000000,133000000,133000000,104000000,83000000,98000000,82000000,82000000,101000000,107000000,75000000,103000000,143000000,122000000,173000000,168000000,150000000,140000000,195000000,211000000,246000000,265000000,283000000,267000000,267000000,242000000,293000000,,
"Macao SAR, China",,,,,,,,,,,,,,,,,,,,,,,,,,,,,,,,,,,,,,,,,,,,,,,,,,,,,,,
"Macedonia, FYR",,,,,,,,,,,,,,,,,,,,,,,,,,,,,,,491000000,848000000,848000000,522000000,695000000,801000000,850000000,900000000,1083000000,1389000000,1170000000,626000000,757000000,1374000000,1482000000,1492000000,1650000000,1010000000,840000000,1270000000,2431000000,1434000000,,,
Madagascar,,,,,,,,,,,,,,,,,,,,,,,,,,,,,,,,,,,,,,,,,,,,,,,,,,,,,,,
Malawi,,,,,,,,,,,,,,,,,,,,,,,,,,,,,,,,,,,,,,,,,,,,,,,,,,,,,,,
Malaysia,,,,,,,,,,,,1046000000,1154000000,1108000000,1006000000,1005000000,948000000,769000000,896000000,1093000000,1396000000,1547000000,1489000000,1733000000,3419000000,3733000000,4082000000,4919000000,5675000000,5245000000,3989000000,4408000000,4361000000,4873000000,6524000000,6222000000,5187000000,3873000000,4855000000,7525000000,6966000000,7058000000,5305000000,5056000000,5831000000,5192000000,6443000000,6491000000,7461000000,8422000000,7752000000,8968000000,,,
Maldives,,,,,,,,,,,,,,,,,,,,,,,,,,,,,,,,,,,,,,,,,,,,,,,,,,,,,,,
Mali,,,,,,,,,,,,,,,,,,,,,,,,,,,,,,,,,,,,,,,,,,,,,,,,,,,,,,,
Malta,,,,,,,,,,,,0,0,0,0,0,0,0,0,0,0,0,0,0,0,0,0,0,0,0,0,0,0,0,0,0,0,0,0,0,0,0,0,0,0,0,0,0,0,0,2000000,11000000,,,
Marshall Islands,,,,,,,,,,,,,,,,,,,,,,,,,,,,,,,,,,,,,,,,,,,,,,,,,,,,,,,
Mauritania,,,,,,,,,,,,,,,,,,,,,,,,,,,,,,,,,,,,,,,,,,,,,,,,,,,,,,,
Mauritius,,,,,,,,,,,,,,,,,,,,,,,,,,,,,,,,,,,,,,,,,,,,,,,,,,,,,,,
Mexico,,,,,,,,,,,,14381000000,15352000000,16350000000,17172000000,15650000000,17778000000,19784000000,16850000000,19003000000,17801000000,25562000000,24178000000,22088000000,25018000000,27878000000,23410000000,22757000000,25481000000,29008000000,28604000000,28785000000,34087000000,34456000000,27987000000,36007000000,38894000000,33427000000,32061000000,40040000000,40732000000,36604000000,32855000000,28643000000,34327000000,38060000000,39480000000,37314000000,48982000000,36779000000,47698000000,46964000000,42870000000,,
"Micronesia, Fed. Sts.",,,,,,,,,,,,,,,,,,,,,,,,,,,,,,,,,,,,,,,,,,,,,,,,,,,,,,,
Moldova,,,,,,,,,,,,,,,,,,,,,,,,,,,,,,,257000000,349000000,259000000,375000000,278000000,324000000,366000000,382000000,377000000,377000000,377000000,377000000,377000000,377000000,377000000,377000000,377000000,377000000,389000000,358000000,407000000,352000000,,,
Monaco,,,,,,,,,,,,,,,,,,,,,,,,,,,,,,,,,,,,,,,,,,,,,,,,,,,,,,,
Mongolia,,,,,,,,,,,,,,,,,,,,,,,,,,0,0,0,0,0,0,0,0,0,0,0,0,0,0,0,0,0,0,0,0,0,0,0,0,0,0,0,,,
Montenegro,,,,,,,,,,,,,,,,,,,,,,,,,,,,,,,,,,,,,,,,,,,,,,1866000000,1750000000,1284000000,1539000000,2071000000,2750000000,1204000000,,,
Morocco,,,,,,,,,,,,1520000000,1596000000,1192000000,1337000000,1016000000,998000000,1365000000,1416000000,1582000000,1515000000,1024000000,572000000,481000000,366000000,486000000,643000000,825000000,936000000,1157000000,1220000000,1226000000,964000000,443000000,840000000,611000000,1957000000,2083000000,1777000000,825000000,782000000,1077000000,1044000000,1659000000,1807000000,1185000000,1181000000,1194000000,1227000000,2959000000,3964000000,2564000000,,,
Mozambique,,,,,,,,,,,,224000000,213000000,191000000,668000000,522000000,611000000,623000000,804000000,425000000,301000000,57000000,254000000,236000000,244000000,375000000,173000000,180000000,166000000,284000000,284000000,323000000,325000000,344000000,366000000,379000000,449000000,977000000,6837000000,7686000000,9652000000,11841000000,12674000000,10870000000,11668000000,13264000000,14717000000,16063000000,15114000000,16950000000,16647000000,16810000000,,,
Myanmar,,,,,,,,,,,,477000000,546000000,576000000,568000000,567000000,639000000,717000000,736000000,770000000,796000000,860000000,927000000,993000000,1011000000,1003000000,1042000000,1024000000,935000000,1240000000,1193000000,1240000000,1518000000,1705000000,1614000000,1624000000,1651000000,1686000000,949000000,1038000000,1892000000,1822000000,2111000000,2075000000,2408000000,2997000000,3325000000,3619000000,4071000000,5256000000,5105000000,5151000000,,,
Namibia,,,,,,,,,,,,,,,,,,,,,,,,,,,,,,,,1322000000,1149000000,967000000,672000000,1134000000,854000000,610000000,992000000,1169000000,1320000000,1388000000,1376000000,1553000000,1587000000,1552000000,1385000000,1564000000,1395000000,1409000000,1247000000,1404000000,,,
Nepal,,,,,,,,,,,,67000000,84000000,81000000,96000000,75000000,129000000,139000000,153000000,170000000,203000000,243000000,319000000,356000000,382000000,427000000,540000000,558000000,562000000,715000000,877000000,900000000,839000000,871000000,929000000,1159000000,1181000000,1062000000,1131000000,1411000000,1632000000,1849000000,2119000000,2263000000,2404000000,2517000000,2735000000,2783000000,2803000000,3102000000,3204000000,3309000000,,,
Netherlands,0,0,0,0,0,0,0,0,0,0,0,0,0,0,0,803000000,872000000,867000000,1211000000,1106000000,1024000000,1085000000,265000000,231000000,17000000,444000000,557000000,705000000,853000000,960000000,805000000,934000000,995000000,1107000000,1257000000,1404000000,1816000000,2016000000,2328000000,2507000000,2973000000,3303000000,3973000000,3965000000,5301000000,7444000000,8048000000,7581000000,9530000000,10836000000,11200000000,12318000000,12314000000,,
New Caledonia,,,,,,,,,,,,,,,,,,,,,,,,,,,,,,,,,,,,,,,,,,,,,,,,,,,,,,,
New Zealand,5972000000,6534000000,7661000000,7989000000,9101000000,10024000000,10803000000,11204000000,11759000000,11619000000,12656000000,14373000000,15532000000,15559000000,15779000000,18478000000,16500000000,16090000000,17738000000,20092000000,20425000000,20988000000,19486000000,21731000000,21720000000,21236000000,23352000000,23681000000,24819000000,24497000000,25815000000,25701000000,23877000000,26400000000,28596000000,30239000000,28837000000,26011000000,28452000000,26292000000,28062000000,25150000000,28228000000,26911000000,30543000000,27601000000,28114000000,28688000000,28164000000,31161000000,32835000000,33752000000,31641000000,,
Nicaragua,,,,,,,,,,,,213000000,378000000,379000000,420000000,423000000,456000000,285000000,341000000,455000000,532000000,512000000,443000000,339000000,529000000,586000000,571000000,653000000,669000000,1006000000,894000000,908000000,835000000,989000000,846000000,843000000,867000000,854000000,631000000,593000000,503000000,499000000,644000000,750000000,810000000,1056000000,942000000,930000000,1194000000,1067000000,1354000000,1301000000,,,
Niger,,,,,,,,,,,,,,,,,,,,,,,,,,,,,,,,,,,,,,,,,,,,,,,,,,,,,,,
Nigeria,,,,,,,,,,,,1574000000,1447000000,1858000000,1989000000,2393000000,2907000000,2889000000,2324000000,3305000000,2783000000,2390000000,2473000000,1989000000,2668000000,3091000000,3630000000,3284000000,4008000000,4140000000,4387000000,5931000000,6059000000,5572000000,5562000000,5500000000,5500000000,5593000000,5775000000,6148000000,5628000000,5909000000,8234000000,7448000000,8108000000,7768000000,6263000000,6227000000,5721000000,4529000000,6374000000,5650000000,,,
North America,2.54374E+11,2.58516E+11,2.75867E+11,2.72729E+11,2.93432E+11,3.14373E+11,3.28333E+11,3.58618E+11,3.61049E+11,4.03937E+11,4.09434E+11,4.26799E+11,4.54465E+11,4.62786E+11,5.17604E+11,5.09173E+11,5.04036E+11,4.48141E+11,5.23107E+11,5.32675E+11,5.37038E+11,5.37625E+11,5.77361E+11,6.09914E+11,6.21042E+11,6.00664E+11,6.18455E+11,5.68381E+11,5.31052E+11,6.22131E+11,6.69932E+11,6.6239E+11,6.4522E+11,6.84013E+11,6.72087E+11,7.25969E+11,7.8442E+11,7.60775E+11,7.04829E+11,7.05528E+11,6.97357E+11,6.02691E+11,7.08149E+11,7.07765E+11,7.08586E+11,7.40477E+11,7.59276E+11,7.40879E+11,7.76174E+11,8.11798E+11,8.09915E+11,9.25828E+11,,,
North Korea,,,,,,,,,,,,9160000000,9320000000,9480000000,9640000000,9800000000,9960000000,10120000000,10280000000,10440000000,10600000000,10760000000,10920000000,11080000000,11240000000,12300000000,13000000000,13600000000,15000000000,15000000000,15600000000,15000000000,14200000000,13300000000,13800000000,14200000000,12500000000,10700000000,10200000000,10300000000,10200000000,10600000000,10620000000,11720000000,12500000000,13132000000,12620000000,13280000000,14068000000,12500000000,13400000000,13200000000,,,
Northern Mariana Islands,,,,,,,,,,,,,,,,,,,,,,,,,,,,,,,,,,,,,,,,,,,,,,,,,,,,,,,
Norway,31224000000,33720000000,38001000000,39759000000,44303000000,49452000000,48744000000,53301000000,60205000000,57371000000,57808000000,63245000000,67417000000,72867000000,76597000000,77330000000,81933000000,72022000000,80706000000,88698000000,83613000000,92834000000,92499000000,1.05688E+11,1.05903E+11,1.02388E+11,96227000000,1.03294E+11,1.08884E+11,1.18429E+11,1.21358E+11,1.10343E+11,1.16898E+11,1.19483E+11,1.11922E+11,1.21829E+11,1.04174E+11,1.10027E+11,1.15984E+11,1.2175E+11,1.42105E+11,1.20745E+11,1.29697E+11,1.06028E+11,1.09392E+11,1.3652E+11,1.20393E+11,1.34934E+11,1.40354E+11,1.26487E+11,1.17979E+11,1.22478E+11,1.43744E+11,,
Oman,,,,,,,,,,,,0,0,0,0,0,0,0,0,0,0,0,0,0,0,0,0,0,0,0,0,0,0,0,0,0,0,0,0,0,0,0,0,0,0,0,0,0,0,0,0,0,,,
Pakistan,,,,,,,,,,,,3679000000,3679000000,4355000000,4145000000,4359000000,5436000000,5185000000,7442000000,8232000000,8714000000,9043000000,9525000000,11365000000,12826000000,12241000000,13804000000,15250000000,16690000000,16970000000,16925000000,18303000000,21112000000,19436000000,22858000000,23206000000,20858000000,22060000000,22449000000,19288000000,17194000000,18941000000,22351000000,26944000000,25671000000,30862000000,31953000000,28707000000,27784000000,28093000000,31811000000,28517000000,,,
Palau,,,,,,,,,,,,,,,,,,,,,,,,,,,,,,,,,,,,,,,,,,,,,,,,,,,,,,,
Panama,,,,,,,,,,,,85000000,85000000,104000000,114000000,108000000,148000000,354000000,734000000,822000000,986000000,1411000000,1159000000,941000000,1569000000,1981000000,2152000000,2084000000,2267000000,2228000000,2269000000,2076000000,1937000000,2337000000,2419000000,2433000000,3021000000,2924000000,2163000000,3154000000,3442000000,2522000000,3419000000,2844000000,3803000000,3747000000,3604000000,3685000000,3989000000,3922000000,4216000000,4121000000,,,
Papua New Guinea,,,,,,,,,,,,,,,,,,,,,,,,,,,,,,,,,,,,,,,,,,,,,,,,,,,,,,,
Paraguay,,,,,,,,,,,,204000000,229000000,342000000,485000000,562000000,568000000,388000000,270000000,484000000,702000000,739000000,673000000,818000000,1062000000,4066000000,11870000000,18557000000,19963000000,24329000000,27178000000,29340000000,27130000000,31422000000,36410000000,42125000000,44813000000,50853000000,50872000000,51955000000,53492000000,45317000000,48212000000,51771000000,51931000000,51166000000,53784000000,53725000000,55464000000,54959000000,54065000000,57625000000,,,
Peru,,,,,,,,,,,,4513000000,4662000000,4999000000,5482000000,5733000000,6038000000,6267000000,6407000000,6866000000,7095000000,8072000000,8547000000,8252000000,8845000000,9551000000,10214000000,11014000000,10559000000,10652000000,10605000000,11625000000,9822000000,11908000000,12871000000,12969000000,13460000000,13357000000,13930000000,14674000000,16327000000,17777000000,18234000000,18739000000,17686000000,18441000000,20079000000,20000000000,19646000000,20110000000,20749000000,22307000000,,,
Philippines,,,,,,,,,,,,0,0,1875000000,2360000000,2250000000,2794000000,2197000000,2809000000,3508000000,5599000000,6839000000,7657000000,8898000000,10637000000,11472000000,11589000000,10153000000,11485000000,12194000000,11959000000,10903000000,10140000000,10697000000,12182000000,12367000000,13564000000,13306000000,13980000000,18434000000,19425000000,17546000000,17275000000,17692000000,18875000000,18308000000,20458000000,18837000000,20628000000,20177000000,17815000000,19823000000,,,
Poland,642000000,615000000,772000000,661000000,721000000,922000000,934000000,1001000000,1052000000,894000000,1830000000,1670000000,1688000000,1679000000,2357000000,2201000000,1828000000,2222000000,2213000000,2047000000,2597000000,2406000000,1812000000,2037000000,1753000000,2249000000,1917000000,1854000000,1887000000,1712000000,1472000000,1508000000,1618000000,1549000000,1784000000,1955000000,2064000000,2132000000,2533000000,2352000000,2332000000,2783000000,2767000000,2250000000,3075000000,3847000000,4291000000,5429000000,6606000000,8679000000,10888000000,13138000000,16788000000,,
Portugal,3163000000,3495000000,3589000000,4102000000,4279000000,4182000000,5476000000,5673000000,5416000000,6591000000,5990000000,6313000000,7199000000,7525000000,8008000000,6646000000,5017000000,10200000000,11043000000,11471000000,8335000000,5330000000,7274000000,8431000000,10138000000,11241000000,9120000000,9767000000,12886000000,6482000000,9852000000,9858000000,5538000000,9455000000,11643000000,9390000000,15792000000,14232000000,14153000000,8650000000,12868000000,15741000000,9733000000,17703000000,12314000000,8260000000,15722000000,16218000000,14638000000,18292000000,28354000000,24111000000,19333000000,,
Puerto Rico,,,,,,,,,,,,,,,,,,,,,,,,,,,,,,,,,,,,,,,,,,,,,,,,,,,,,,,
Qatar,,,,,,,,,,,,0,0,0,0,0,0,0,0,0,0,0,0,0,0,0,0,0,0,0,0,0,0,0,0,0,0,0,0,0,0,0,0,0,0,0,0,0,0,0,0,0,,,
Romania,,,,,,,,,,,,4495000000,7343000000,7547000000,8476000000,9361000000,8107000000,9345000000,10614000000,11339000000,12637000000,12737000000,11854000000,10038000000,11326000000,12713000000,10810000000,11209000000,14776000000,13678000000,11411000000,14588000000,11702000000,12769000000,13046000000,16693000000,15755000000,17520000000,18890000000,18290000000,14778000000,14923000000,16052000000,13262000000,16517000000,20213000000,18360000000,16004000000,17224000000,15553000000,20300000000,16315000000,,,
Russia,,,,,,,,,,,,,,,,,,,,,,,,,,,,,,,1.65982E+11,1.67639E+11,1.71906E+11,1.73459E+11,1.75039E+11,1.7547E+11,1.53385E+11,1.56641E+11,1.58555E+11,1.60552E+11,1.64159E+11,1.74016E+11,1.62396E+11,1.56137E+11,1.76275E+11,1.73135E+11,1.73865E+11,1.77554E+11,1.65257E+11,1.74684E+11,1.67028E+11,1.66406E+11,,,
Rwanda,,,,,,,,,,,,,,,,,,,,,,,,,,,,,,,,,,,,,,,,,,,,,,,,,,,,,,,
Samoa,,,,,,,,,,,,,,,,,,,,,,,,,,,,,,,,,,,,,,,,,,,,,,,,,,,,,,,
San Marino,,,,,,,,,,,,,,,,,,,,,,,,,,,,,,,,,,,,,,,,,,,,,,,,,,,,,,,
Sao Tome and Principe,,,,,,,,,,,,,,,,,,,,,,,,,,,,,,,,,,,,,,,,,,,,,,,,,,,,,,,
Saudi Arabia,,,,,,,,,,,,0,0,0,0,0,0,0,0,0,0,0,0,0,0,0,0,0,0,0,0,0,0,0,0,0,0,0,0,0,0,0,0,0,0,0,0,0,0,0,0,0,,,
Senegal,,,,,,,,,,,,38000000,38000000,38000000,39000000,39000000,39000000,40000000,40000000,40000000,40000000,41000000,41000000,41000000,42000000,42000000,42000000,43000000,43000000,43000000,44000000,44000000,44000000,45000000,45000000,46000000,47000000,48000000,49000000,50000000,53000000,62000000,264000000,393000000,338000000,322000000,288000000,221000000,261000000,292000000,308000000,313000000,,,
Serbia,,,,,,,,,,,,,,,,,,,,,,,,,,,,,,,9471000000,11405000000,11343000000,10500000000,10500000000,12193000000,14410000000,12764000000,12892000000,13720000000,12000000000,12450000000,11750000000,9851000000,11121000000,12032000000,10965000000,10037000000,9564000000,10541000000,11891000000,8667000000,,,
Seychelles,,,,,,,,,,,,,,,,,,,,,,,,,,,,,,,,,,,,,,,,,,,,,,,,,,,,,,,
Sierra Leone,,,,,,,,,,,,,,,,,,,,,,,,,,,,,,,,,,,,,,,,,,,,,,,,,,,,,,,
Singapore,,,,,,,,,,,,0,0,0,0,0,0,0,0,0,0,0,0,0,0,0,85000000,85000000,85000000,85000000,85000000,245000000,245000000,245000000,245000000,245000000,245000000,245000000,245000000,245000000,245000000,473000000,473000000,495000000,479000000,478000000,477000000,487000000,525000000,1158000000,1271000000,1053000000,,,
Slovak Republic,,,,,,,,,,,,1476000000,1546000000,1322000000,2223000000,2002000000,2019000000,2408000000,2259000000,1884000000,2257000000,1966000000,1726000000,1832000000,1555000000,2117000000,1675000000,1932000000,1755000000,1962000000,1880000000,1408000000,1937000000,3467000000,4355000000,4880000000,4227000000,4064000000,4267000000,4474000000,4615000000,5081000000,5420000000,3581000000,4126000000,4676000000,4803000000,4934000000,4563000000,4911000000,5940000000,4999000000,5467000000,,
Slovenia,,,,,,,,,,,,,,,,,,,,,,,,,,,,,,,2950000000,3608000000,3423000000,3035000000,3399000000,3252000000,3673000000,3092000000,3449000000,3772000000,3904000000,3868000000,3414000000,3079000000,4215000000,3575000000,3703000000,3379000000,4308000000,4905000000,4742000000,3878000000,4307000000,,
Solomon Islands,,,,,,,,,,,,,,,,,,,,,,,,,,,,,,,,,,,,,,,,,,,,,,,,,,,,,,,
Somalia,,,,,,,,,,,,,,,,,,,,,,,,,,,,,,,,,,,,,,,,,,,,,,,,,,,,,,,
South Africa,,,,,,,,,,,,112000000,834000000,985000000,1132000000,1120000000,1876000000,1944000000,1907000000,1144000000,992000000,1653000000,1016000000,595000000,560000000,624000000,1623000000,1617000000,3162000000,2759000000,1010000000,1980000000,752000000,146000000,1074000000,529000000,1379000000,2238000000,1826000000,923000000,1408000000,2292000000,2695000000,1013000000,1265000000,1650000000,3219000000,1192000000,1583000000,1783000000,2519000000,2465000000,,,
South Asia,,,,,,,,,,,,32785000000,31997000000,34454000000,33367000000,39283000000,42037000000,45020000000,56639000000,55942000000,57536000000,61066000000,60359000000,63572000000,70162000000,66841000000,71300000000,65967000000,78414000000,83545000000,93519000000,95971000000,95621000000,95288000000,1.1165E+11,1.02315E+11,95888000000,1.02992E+11,1.12496E+11,1.09044E+11,1.00283E+11,1.02673E+11,96570000000,1.14075E+11,1.22926E+11,1.47484E+11,1.65548E+11,1.83203E+11,1.75184E+11,1.78027E+11,1.98569E+11,2.20793E+11,,,
South Korea,,,,,,,,,,,,1320000000,1367000000,1284000000,1906000000,1683000000,1789000000,1393000000,1808000000,2328000000,1984000000,2709000000,2005000000,2723000000,2399000000,3659000000,4019000000,5344000000,3566000000,4588000000,6362000000,3487000000,3099000000,4230000000,2349000000,3012000000,2830000000,2895000000,4343000000,4257000000,4111000000,4258000000,3434000000,5123000000,4631000000,4052000000,4018000000,4557000000,4375000000,4687000000,6186000000,7479000000,6688000000,,
South Sudan,,,,,,,,,,,,,,,,,,,,,,,,,,,,,,,,,,,,,,,,,,,,,,,,,,,,,,,
Spain,15624000000,15980000000,16073000000,21139000000,20646000000,19687000000,27258000000,22657000000,24388000000,30603000000,27819000000,31868000000,35530000000,28968000000,30619000000,26178000000,21119000000,39937000000,40567000000,46648000000,29912000000,22366000000,26818000000,27607000000,32034000000,31898000000,27032000000,27946000000,35919000000,19890000000,26032000000,27809000000,19602000000,25124000000,29060000000,24376000000,41245000000,36971000000,36887000000,27308000000,34494000000,49302000000,33182000000,55783000000,50170000000,42263000000,52149000000,58283000000,62143000000,74080000000,97776000000,86224000000,86510000000,,
Sri Lanka,,,,,,,,,,,,834000000,856000000,708000000,1001000000,1102000000,1134000000,1240000000,1366000000,1461000000,1479000000,1572000000,1608000000,1217000000,2091000000,2395000000,2645000000,2177000000,2597000000,2802000000,3145000000,3116000000,2900000000,3796000000,4089000000,4452000000,3252000000,3447000000,3915000000,4173000000,3208000000,3120000000,2706000000,3310000000,2976000000,3471000000,4655000000,3967000000,4156000000,3947000000,5737000000,4762000000,,,
Sudan,,,,,,,,,,,,245000000,365000000,427000000,464000000,501000000,564000000,530000000,545000000,595000000,572000000,589000000,631000000,653000000,695000000,737000000,872000000,899000000,892000000,895000000,958000000,1038000000,1089000000,1091000000,1121000000,972000000,1074000000,1054000000,1043000000,1210000000,1183000000,1268000000,1287000000,1163000000,1107000000,1261000000,1370000000,1451000000,1463000000,3228000000,6199000000,6466000000,,,
Suriname,,,,,,,,,,,,,,,,,,,,,,,,,,,,,,,,,,,,,,,,,,,,,,,,,,,,,,,
Swaziland,,,,,,,,,,,,,,,,,,,,,,,,,,,,,,,,,,,,,,,,,,,,,,,,,,,,,,,
Sweden,31030000000,36566000000,38773000000,37868000000,43049000000,46423000000,45489000000,49286000000,48739000000,41830000000,41619000000,52172000000,53969000000,60271000000,57622000000,57958000000,55186000000,53855000000,58029000000,61427000000,59589000000,60674000000,56068000000,64994000000,69759000000,72796000000,62913000000,73813000000,71924000000,73940000000,74452000000,65109000000,76373000000,76871000000,61402000000,70556000000,54003000000,72033000000,78098000000,74747000000,83140000000,83321000000,71145000000,58731000000,68176000000,81232000000,71071000000,77428000000,81406000000,79804000000,82101000000,84059000000,96511000000,,
Switzerland,20520000000,21604000000,21169000000,22523000000,22050000000,24703000000,27663000000,29792000000,29331000000,27203000000,30910000000,26875000000,24469000000,27903000000,27770000000,33475000000,25947000000,35759000000,31980000000,31846000000,32978000000,35917000000,36723000000,35816000000,30538000000,32414000000,33360000000,35182000000,36304000000,30301000000,30236000000,32517000000,33185000000,36256000000,39627000000,35748000000,29367000000,34727000000,34178000000,40775000000,37691000000,42206000000,36150000000,35788000000,34749000000,32278000000,32140000000,36477000000,37323000000,37029000000,37461000000,33998000000,40265000000,,
Syrian Arab Republic,,,,,,,,,,,,51000000,62000000,17000000,330000000,750000000,1230000000,1768000000,2095000000,2351000000,2561000000,2658000000,2959000000,2802000000,3325000000,3342000000,2860000000,2860000000,2816000000,2772000000,2728000000,2684000000,2640000000,2596000000,2552000000,2510000000,2550000000,2600000000,2700000000,2720000000,3231000000,3410000000,2451000000,2758000000,4175000000,4325000000,3945000000,3478000000,2869000000,1866000000,2592000000,3283000000,,,
Tajikistan,,,,,,,,,,,,,,,,,,,,,,,,,,,,,,,16500000000,16400000000,15928000000,17118000000,16691000000,14596000000,14825000000,13713000000,14149000000,15427000000,14025000000,14206000000,15164000000,16336000000,16339000000,16967000000,16701000000,17114000000,15800000000,15800000000,15845000000,16027000000,,,
Tanzania,,,,,,,,,,,,309000000,321000000,296000000,294000000,431000000,500000000,520000000,520000000,525000000,684000000,723000000,727000000,739000000,782000000,885000000,1034000000,1151000000,1252000000,1419000000,1549000000,1726000000,1650000000,1697000000,1499000000,1539000000,1748000000,1458000000,2078000000,2165000000,2142000000,2602000000,2720000000,2549000000,2357000000,1778000000,1436000000,2511000000,2705000000,2629000000,2574000000,2615000000,,,
Thailand,,,,,,,,,,,,2048000000,1728000000,1880000000,2458000000,3399000000,3637000000,3265000000,2110000000,3263000000,1273000000,2974000000,3836000000,3660000000,4081000000,3691000000,5554000000,4075000000,3778000000,5570000000,4976000000,4587000000,4239000000,3703000000,4515000000,7001000000,8202000000,7545000000,5498000000,4402000000,6537000000,6797000000,8159000000,8452000000,7322000000,7330000000,9597000000,9913000000,9727000000,10230000000,8945000000,12549000000,,,
Timor-Leste,,,,,,,,,,,,,,,,,,,,,,,,,,,,,,,,,,,,,,,,,,,,,,,,,,,,,,,
Togo,,,,,,,,,,,,76000000,57000000,38000000,76000000,95000000,76000000,152000000,171000000,38000000,38000000,38000000,57000000,19000000,38000000,76000000,76000000,76000000,76000000,95000000,95000000,193000000,128000000,230000000,148000000,255000000,190000000,93000000,172000000,103000000,100000000,50000000,87000000,124000000,83000000,76000000,94000000,102000000,93000000,96000000,100000000,105000000,,,
Tonga,,,,,,,,,,,,,,,,,,,,,,,,,,,,,,,,,,,,,,,,,,,,,,,,,,,,,,,
Trinidad and Tobago,,,,,,,,,,,,35000000,35000000,29000000,25000000,23000000,19000000,23000000,29000000,29000000,26000000,19000000,18000000,16000000,13000000,17000000,26000000,31000000,27000000,26000000,31000000,25000000,30000000,28000000,32000000,33000000,17000000,18000000,18000000,18000000,20000000,29000000,26000000,12000000,23000000,22000000,26000000,19000000,20000000,19000000,0,0,,,
Tunisia,,,,,,,,,,,,52000000,54000000,73000000,22000000,32000000,54000000,31000000,29000000,42000000,24000000,30000000,38000000,29000000,66000000,114000000,54000000,118000000,49000000,36000000,46000000,110000000,68000000,64000000,40000000,39000000,67000000,44000000,72000000,90000000,87000000,78000000,94000000,199000000,198000000,187000000,130000000,92000000,69000000,176000000,189000000,163000000,,,
Turkey,1043000000,1309000000,1169000000,2167000000,1745000000,2279000000,2460000000,2555000000,3354000000,3623000000,3199000000,2772000000,3380000000,2800000000,3563000000,6124000000,8536000000,8790000000,9472000000,10434000000,11484000000,12726000000,14167000000,11343000000,13448000000,12051000000,11917000000,18676000000,29018000000,18002000000,23228000000,22802000000,26685000000,34085000000,30716000000,35849000000,40735000000,40193000000,42560000000,34912000000,31154000000,24346000000,33966000000,35559000000,46311000000,39748000000,44522000000,36457000000,34421000000,38141000000,55712000000,58098000000,65211000000,,
Turkmenistan,,,,,,,,,,,,,,,,,,,,,,,,,,,,,,,700000000,700000000,4000000,5000000,4000000,4000000,5000000,5000000,6000000,5000000,0,0,0,0,0,0,0,0,0,0,0,0,,,
Turks and Caicos Islands,,,,,,,,,,,,,,,,,,,,,,,,,,,,,,,,,,,,,,,,,,,,,,,,,,,,,,,
Tuvalu,,,,,,,,,,,,,,,,,,,,,,,,,,,,,,,,,,,,,,,,,,,,,,,,,,,,,,,
Uganda,,,,,,,,,,,,,,,,,,,,,,,,,,,,,,,,,,,,,,,,,,,,,,,,,,,,,,,
Ukraine,,,,,,,,,,,,,,,,,,,,,,,,,,,,,,,10514000000,11710000000,7883000000,11039000000,12118000000,9953000000,8632000000,9856000000,15742000000,14327000000,11280000000,12048000000,9649000000,9269000000,11786000000,12401000000,12921000000,10188000000,11821000000,12118000000,13391000000,11199000000,,,
United Arab Emirates,,,,,,,,,,,,0,0,0,0,0,0,0,0,0,0,0,0,0,0,0,0,0,0,0,0,0,0,0,0,0,0,0,0,0,0,0,0,0,0,0,0,0,0,0,0,0,,,
United Kingdom,3154000000,3880000000,3785000000,3300000000,3584000000,4173000000,4017000000,4380000000,3557000000,3208000000,4487000000,3358000000,3391000000,3858000000,4066000000,3751000000,3688000000,3870000000,3995000000,4245000000,3891000000,4347000000,4530000000,4552000000,3988000000,4091000000,4767000000,4137000000,4934000000,4758000000,5811000000,5323000000,6405000000,5718000000,6955000000,6871000000,5685000000,6946000000,8649000000,9616000000,9970000000,9549000000,11128000000,10627000000,14146000000,16937000000,18105000000,19688000000,21920000000,25260000000,25844000000,34408000000,41141000000,,
United States,1.47582E+11,1.53701E+11,1.70896E+11,1.67946E+11,1.7909E+11,1.96285E+11,1.97333E+11,2.24694E+11,2.24849E+11,2.53299E+11,2.51297E+11,2.64338E+11,2.72826E+11,2.68132E+11,3.06937E+11,3.06703E+11,2.9064E+11,2.26925E+11,2.86721E+11,2.87209E+11,2.8459E+11,2.69712E+11,3.17427E+11,3.41877E+11,3.32582E+11,2.95342E+11,3.05955E+11,2.49863E+11,2.21132E+11,3.27304E+11,3.69241E+11,3.50142E+11,3.24316E+11,3.55578E+11,3.36458E+11,3.84343E+11,4.22867E+11,4.0313E+11,3.65559E+11,3.51308E+11,3.30364E+11,2.60426E+11,3.48137E+11,3.60433E+11,3.57987E+11,3.66205E+11,3.95209E+11,3.61814E+11,3.91021E+11,4.28695E+11,4.40669E+11,5.28952E+11,5.18768E+11,,
Uruguay,,,,,,,,,,,,1478000000,1006000000,1565000000,1378000000,1142000000,1232000000,1579000000,1641000000,1309000000,3488000000,3868000000,5038000000,7213000000,7134000000,6480000000,7336000000,7298000000,5453000000,3935000000,7068000000,6170000000,7988000000,7358000000,7527000000,5900000000,5809000000,6517000000,9197000000,5547000000,7086000000,9231000000,9574000000,8568000000,4798000000,6722000000,3644000000,8206000000,5341000000,6095000000,9622000000,7437000000,,,
Uzbekistan,,,,,,,,,,,,,,,,,,,,,,,,,,,,,,,6648000000,6031000000,6281000000,7358000000,7156000000,6188000000,6525000000,5777000000,5758000000,5692000000,5879000000,5959000000,6186000000,7620000000,9010000000,8630000000,9160000000,6400000000,11360000000,9330000000,10840000000,10200000000,,,
Vanuatu,,,,,,,,,,,,,,,,,,,,,,,,,,,,,,,,,,,,,,,,,,,,,,,,,,,,,,,
"Venezuela, RB",,,,,,,,,,,,5390000000,6020000000,6225000000,7707000000,8931000000,10578000000,12163000000,12232000000,14240000000,14587000000,15088000000,15814000000,18063000000,20243000000,22648000000,25159000000,30843000000,34203000000,34666000000,36983000000,44542000000,47271000000,47478000000,51284000000,51450000000,53847000000,57268000000,57923000000,60600000000,62886000000,60441000000,59534000000,60532000000,70075000000,77229000000,81600000000,83059000000,86841000000,85962000000,76780000000,83670000000,,,
Vietnam,,,,,,,,,,,,614000000,422000000,420000000,420000000,500000000,557000000,600000000,800000000,1000000000,1488000000,1507000000,1560000000,1223000000,1599000000,1477000000,1407000000,1384000000,1791000000,3838000000,5369000000,6317000000,7228000000,7965000000,9243000000,10582000000,12008000000,11657000000,11095000000,13774000000,14551000000,18210000000,18198000000,18986000000,17818000000,16995000000,20473000000,23114000000,26042000000,30053000000,27655000000,29962000000,,,
West Bank and Gaza,,,,,,,,,,,,,,,,,,,,,,,,,,,,,,,,,,,,,,,,,,,,,,,,,,,,,,,
"Yemen, Rep.",,,,,,,,,,,,0,0,0,0,0,0,0,0,0,0,0,0,0,0,0,0,0,0,0,0,0,0,0,0,0,0,0,0,0,0,0,0,0,0,0,0,0,0,0,0,0,,,
Zambia,,,,,,,,,,,,908000000,3104000000,3097000000,5861000000,6072000000,7058000000,8745000000,7953000000,8911000000,9194000000,9967000000,10380000000,9950000000,9646000000,9984000000,9704000000,8015000000,8260000000,6465000000,7951000000,8982000000,6516000000,8140000000,8091000000,7871000000,7114000000,7886000000,7539000000,7712000000,7750000000,7893000000,8102000000,8257000000,8460000000,8883000000,9844000000,9801000000,9666000000,10383000000,11273000000,11414000000,,,
Zimbabwe,,,,,,,,,,,,2425000000,3583000000,3487000000,4795000000,5271000000,5712000000,6027000000,5546000000,5998000000,4008000000,3876000000,3533000000,3472000000,3040000000,2856000000,2371000000,1108000000,2755000000,3329000000,4369000000,3152000000,3161000000,2062000000,2095000000,2285000000,2163000000,2123000000,1926000000,2908000000,3194000000,2965000000,3809000000,5344000000,5500000000,5810000000,5443000000,5470000000,5837000000,5540000000,6071000000,6640000000,,,
